[{"__type__":"cc.SpriteFrame","content":{"name":"54","texture":"c9wXFeIiRHNKR3phxYNxL1","rect":[1104,882,138,186],"offset":[0,0],"originalSize":[138,186],"rotated":1,"capInsets":[0,0,0,0]}},{"__type__":"cc.SpriteFrame","content":{"name":"21","texture":"c9wXFeIiRHNKR3phxYNxL1","rect":[276,558,138,186],"offset":[0,0],"originalSize":[138,186],"capInsets":[0,0,0,0]}},{"__type__":"cc.SpriteFrame","content":{"name":"45","texture":"c9wXFeIiRHNKR3phxYNxL1","rect":[966,744,138,186],"offset":[0,0],"originalSize":[138,186],"capInsets":[0,0,0,0]}},{"__type__":"cc.SpriteFrame","content":{"name":"8","texture":"c9wXFeIiRHNKR3phxYNxL1","rect":[1242,696,138,186],"offset":[0,0],"originalSize":[138,186],"capInsets":[0,0,0,0]}},{"__type__":"cc.SpriteFrame","content":{"name":"3","texture":"c9wXFeIiRHNKR3phxYNxL1","rect":[552,372,138,186],"offset":[0,0],"originalSize":[138,186],"capInsets":[0,0,0,0]}},{"__type__":"cc.SpriteFrame","content":{"name":"1","texture":"c9wXFeIiRHNKR3phxYNxL1","rect":[0,0,138,186],"offset":[0,0],"originalSize":[138,186],"capInsets":[0,0,0,0]}},{"__type__":"cc.SpriteFrame","content":{"name":"25","texture":"c9wXFeIiRHNKR3phxYNxL1","rect":[414,372,138,186],"offset":[0,0],"originalSize":[138,186],"capInsets":[0,0,0,0]}},{"__type__":"cc.SpriteFrame","content":{"name":"6","texture":"c9wXFeIiRHNKR3phxYNxL1","rect":[1242,324,138,186],"offset":[0,0],"originalSize":[138,186],"capInsets":[0,0,0,0]}},{"__type__":"cc.SpriteFrame","content":{"name":"31","texture":"c9wXFeIiRHNKR3phxYNxL1","rect":[552,744,138,186],"offset":[0,0],"originalSize":[138,186],"capInsets":[0,0,0,0]}},{"__type__":"cc.SpriteFrame","content":{"name":"9","texture":"c9wXFeIiRHNKR3phxYNxL1","rect":[1290,882,138,186],"offset":[0,0],"originalSize":[138,186],"rotated":1,"capInsets":[0,0,0,0]}},{"__type__":"cc.SpriteFrame","content":{"name":"10","texture":"c9wXFeIiRHNKR3phxYNxL1","rect":[0,186,138,186],"offset":[0,0],"originalSize":[138,186],"capInsets":[0,0,0,0]}},{"__type__":"cc.SpriteFrame","content":{"name":"36","texture":"c9wXFeIiRHNKR3phxYNxL1","rect":[690,744,138,186],"offset":[0,0],"originalSize":[138,186],"capInsets":[0,0,0,0]}},{"__type__":"cc.SpriteFrame","content":{"name":"38","texture":"c9wXFeIiRHNKR3phxYNxL1","rect":[828,186,138,186],"offset":[0,0],"originalSize":[138,186],"capInsets":[0,0,0,0]}},{"__type__":"cc.SpriteFrame","content":{"name":"51","texture":"c9wXFeIiRHNKR3phxYNxL1","rect":[1104,324,138,186],"offset":[0,0],"originalSize":[138,186],"capInsets":[0,0,0,0]}},{"__type__":"cc.SpriteFrame","content":{"name":"18","texture":"c9wXFeIiRHNKR3phxYNxL1","rect":[138,744,138,186],"offset":[0,0],"originalSize":[138,186],"capInsets":[0,0,0,0]}},{"__type__":"cc.SpriteFrame","content":{"name":"11","texture":"c9wXFeIiRHNKR3phxYNxL1","rect":[0,372,138,186],"offset":[0,0],"originalSize":[138,186],"capInsets":[0,0,0,0]}},{"__type__":"cc.SpriteFrame","content":{"name":"39","texture":"c9wXFeIiRHNKR3phxYNxL1","rect":[828,372,138,186],"offset":[0,0],"originalSize":[138,186],"capInsets":[0,0,0,0]}},{"__type__":"cc.SpriteFrame","content":{"name":"35","texture":"c9wXFeIiRHNKR3phxYNxL1","rect":[690,558,138,186],"offset":[0,0],"originalSize":[138,186],"capInsets":[0,0,0,0]}},{"__type__":"cc.SpriteFrame","content":{"name":"24","texture":"c9wXFeIiRHNKR3phxYNxL1","rect":[414,186,138,186],"offset":[0,0],"originalSize":[138,186],"capInsets":[0,0,0,0]}},{"__type__":"cc.SpriteFrame","content":{"name":"14","texture":"c9wXFeIiRHNKR3phxYNxL1","rect":[138,0,138,186],"offset":[0,0],"originalSize":[138,186],"capInsets":[0,0,0,0]}},{"__type__":"cc.SpriteFrame","content":{"name":"23","texture":"c9wXFeIiRHNKR3phxYNxL1","rect":[414,0,138,186],"offset":[0,0],"originalSize":[138,186],"capInsets":[0,0,0,0]}},{"__type__":"cc.SpriteFrame","content":{"name":"40","texture":"c9wXFeIiRHNKR3phxYNxL1","rect":[828,744,138,186],"offset":[0,0],"originalSize":[138,186],"capInsets":[0,0,0,0]}},{"__type__":"cc.SpriteFrame","content":{"name":"34","texture":"c9wXFeIiRHNKR3phxYNxL1","rect":[690,372,138,186],"offset":[0,0],"originalSize":[138,186],"capInsets":[0,0,0,0]}},{"__type__":"cc.SpriteFrame","content":{"name":"4","texture":"c9wXFeIiRHNKR3phxYNxL1","rect":[828,558,138,186],"offset":[0,0],"originalSize":[138,186],"capInsets":[0,0,0,0]}},{"__type__":"cc.SpriteFrame","content":{"name":"55","texture":"c9wXFeIiRHNKR3phxYNxL1","rect":[1242,138,138,186],"offset":[0,0],"originalSize":[138,186],"capInsets":[0,0,0,0]}},{"__type__":"cc.SpriteFrame","content":{"name":"5","texture":"c9wXFeIiRHNKR3phxYNxL1","rect":[1848,0,138,186],"offset":[0,0],"originalSize":[138,186],"rotated":1,"capInsets":[0,0,0,0]}},{"__type__":"cc.SpriteFrame","content":{"name":"15","texture":"c9wXFeIiRHNKR3phxYNxL1","rect":[138,186,138,186],"offset":[0,0],"originalSize":[138,186],"capInsets":[0,0,0,0]}},{"__type__":"cc.SpriteFrame","content":{"name":"2","texture":"c9wXFeIiRHNKR3phxYNxL1","rect":[276,186,138,186],"offset":[0,0],"originalSize":[138,186],"capInsets":[0,0,0,0]}},{"__type__":"cc.SpriteFrame","content":{"name":"33","texture":"c9wXFeIiRHNKR3phxYNxL1","rect":[690,186,138,186],"offset":[0,0],"originalSize":[138,186],"capInsets":[0,0,0,0]}},{"__type__":"cc.SpriteFrame","content":{"name":"22","texture":"c9wXFeIiRHNKR3phxYNxL1","rect":[276,744,138,186],"offset":[0,0],"originalSize":[138,186],"capInsets":[0,0,0,0]}},{"__type__":"cc.SpriteFrame","content":{"name":"46","texture":"c9wXFeIiRHNKR3phxYNxL1","rect":[1104,0,138,186],"offset":[0,0],"originalSize":[138,186],"rotated":1,"capInsets":[0,0,0,0]}},{"__type__":"cc.SpriteFrame","content":{"name":"7","texture":"c9wXFeIiRHNKR3phxYNxL1","rect":[1242,510,138,186],"offset":[0,0],"originalSize":[138,186],"capInsets":[0,0,0,0]}},{"__type__":"cc.SpriteFrame","content":{"name":"41","texture":"c9wXFeIiRHNKR3phxYNxL1","rect":[966,0,138,186],"offset":[0,0],"originalSize":[138,186],"capInsets":[0,0,0,0]}},{"__type__":"cc.SpriteFrame","content":{"name":"42","texture":"c9wXFeIiRHNKR3phxYNxL1","rect":[966,186,138,186],"offset":[0,0],"originalSize":[138,186],"capInsets":[0,0,0,0]}},{"__type__":"cc.SpriteFrame","content":{"name":"16","texture":"c9wXFeIiRHNKR3phxYNxL1","rect":[138,372,138,186],"offset":[0,0],"originalSize":[138,186],"capInsets":[0,0,0,0]}},{"__type__":"cc.SpriteFrame","content":{"name":"52","texture":"c9wXFeIiRHNKR3phxYNxL1","rect":[1104,510,138,186],"offset":[0,0],"originalSize":[138,186],"capInsets":[0,0,0,0]}},{"__type__":"cc.SpriteFrame","content":{"name":"49","texture":"c9wXFeIiRHNKR3phxYNxL1","rect":[1662,0,138,186],"offset":[0,0],"originalSize":[138,186],"rotated":1,"capInsets":[0,0,0,0]}},{"__type__":"cc.SpriteFrame","content":{"name":"20","texture":"c9wXFeIiRHNKR3phxYNxL1","rect":[276,372,138,186],"offset":[0,0],"originalSize":[138,186],"capInsets":[0,0,0,0]}},{"__type__":"cc.SpriteFrame","content":{"name":"44","texture":"c9wXFeIiRHNKR3phxYNxL1","rect":[966,558,138,186],"offset":[0,0],"originalSize":[138,186],"capInsets":[0,0,0,0]}},{"__type__":"cc.SpriteFrame","content":{"name":"27","texture":"c9wXFeIiRHNKR3phxYNxL1","rect":[414,744,138,186],"offset":[0,0],"originalSize":[138,186],"capInsets":[0,0,0,0]}},{"__type__":"cc.SpriteFrame","content":{"name":"12","texture":"c9wXFeIiRHNKR3phxYNxL1","rect":[0,558,138,186],"offset":[0,0],"originalSize":[138,186],"capInsets":[0,0,0,0]}},{"__type__":"cc.SpriteFrame","content":{"name":"28","texture":"c9wXFeIiRHNKR3phxYNxL1","rect":[552,0,138,186],"offset":[0,0],"originalSize":[138,186],"capInsets":[0,0,0,0]}},{"__type__":"cc.SpriteFrame","content":{"name":"47","texture":"c9wXFeIiRHNKR3phxYNxL1","rect":[1290,0,138,186],"offset":[0,0],"originalSize":[138,186],"rotated":1,"capInsets":[0,0,0,0]}},{"__type__":"cc.SpriteFrame","content":{"name":"48","texture":"c9wXFeIiRHNKR3phxYNxL1","rect":[1476,0,138,186],"offset":[0,0],"originalSize":[138,186],"rotated":1,"capInsets":[0,0,0,0]}},{"__type__":"cc.SpriteFrame","content":{"name":"43","texture":"c9wXFeIiRHNKR3phxYNxL1","rect":[966,372,138,186],"offset":[0,0],"originalSize":[138,186],"capInsets":[0,0,0,0]}},{"__type__":"cc.SpriteFrame","content":{"name":"50","texture":"c9wXFeIiRHNKR3phxYNxL1","rect":[1104,138,138,186],"offset":[0,0],"originalSize":[138,186],"capInsets":[0,0,0,0]}},{"__type__":"cc.SpriteFrame","content":{"name":"29","texture":"c9wXFeIiRHNKR3phxYNxL1","rect":[552,186,138,186],"offset":[0,0],"originalSize":[138,186],"capInsets":[0,0,0,0]}},{"__type__":"cc.SpriteFrame","content":{"name":"53","texture":"c9wXFeIiRHNKR3phxYNxL1","rect":[1104,696,138,186],"offset":[0,0],"originalSize":[138,186],"capInsets":[0,0,0,0]}},{"__type__":"cc.SpriteFrame","content":{"name":"30","texture":"c9wXFeIiRHNKR3phxYNxL1","rect":[552,558,138,186],"offset":[0,0],"originalSize":[138,186],"capInsets":[0,0,0,0]}},{"__type__":"cc.SpriteFrame","content":{"name":"17","texture":"c9wXFeIiRHNKR3phxYNxL1","rect":[138,558,138,186],"offset":[0,0],"originalSize":[138,186],"capInsets":[0,0,0,0]}},{"__type__":"cc.SpriteAtlas","_name":"pokePlist.plist","_spriteFrames":{"1":{"__uuid__":"10Bo7m7dVIGrjqATDHvrHA"},"2":{"__uuid__":"9fdTz/7ApBGbo9vE20PUn/"},"3":{"__uuid__":"0fzfbHMhZF5qLmghrhqGgZ"},"4":{"__uuid__":"83PdzfQ7BDDqXVfyAUaKiX"},"5":{"__uuid__":"96Yg3oV4FPOKoRijcoQq/Q"},"6":{"__uuid__":"12YXctNCFHYotLYfnYQ6Dp"},"7":{"__uuid__":"aaImaVZrlHlqIuyB2bXgA8"},"8":{"__uuid__":"0c7jef1kVJQ649Po87UJmP"},"9":{"__uuid__":"24T25OamRJz512dL5wc/KS"},"10":{"__uuid__":"2dHIaprWdHI7t3VoEA533+"},"11":{"__uuid__":"585yNyzcpJ/5MHVr1znaUX"},"12":{"__uuid__":"c90Tob3jZBqpYgA3POocMc"},"13":{"__uuid__":"ee8JJlnj5H/o0k/U2UdOD2"},"14":{"__uuid__":"68+01j8XNKOKanBDCQtAGh"},"15":{"__uuid__":"9e/MKwZrpD86L4jwH2SgCn"},"16":{"__uuid__":"b1ZqHjOZtOfZCztRUrKsSu"},"17":{"__uuid__":"e9NqXZMOdK77x+Nv8gnwsX"},"18":{"__uuid__":"49KYQXkC1PYqHqULi/OYxc"},"19":{"__uuid__":"fdNzeLf7FH0o+kLWga+kRg"},"20":{"__uuid__":"b41mgSyclFE7bGyIqsBCWa"},"21":{"__uuid__":"09oA7Jzw9LhIMKnffJUG3K"},"22":{"__uuid__":"a7jIJ+v7ZOu4GH36G4ssBN"},"23":{"__uuid__":"6cDb3RAxRM1bOH2ckMYuqY"},"24":{"__uuid__":"61iT3UHgpDWLNm6K6zh1nW"},"25":{"__uuid__":"10bEF4Q1NK3Yz3cTZ2MTsA"},"26":{"__uuid__":"f4JgxchQpKgpffYHePN9S1"},"27":{"__uuid__":"c8znDu5DtHFKNMSZKiORse"},"28":{"__uuid__":"cavt229nhJhoTk1fVO2old"},"29":{"__uuid__":"e2HGjIo2NEdIRHh76yTxTg"},"30":{"__uuid__":"e6iwEFRDJCq5SXUpSPQpC+"},"31":{"__uuid__":"16sptgrshHfajBZeuUL9Vu"},"32":{"__uuid__":"ef9TvpcItI3o5DcZdRVLC6"},"33":{"__uuid__":"9fy01nKeNCLK2unFCvgDDN"},"34":{"__uuid__":"80bsId2+5GuobGtEARJk2e"},"35":{"__uuid__":"5dvJujhvRHron9P/C3kS7A"},"36":{"__uuid__":"2ew+xf7iBCZZ6uu57XFh2c"},"37":{"__uuid__":"f86xbJRrdIBb22NnfQbZA5"},"38":{"__uuid__":"2e9sei+DdPG4xA6MYMYD2s"},"39":{"__uuid__":"590GyY7jJIA462g+zs1qGH"},"40":{"__uuid__":"80D9+/qfdOLJJAEVHaiFVT"},"41":{"__uuid__":"afelaz5M5IJqydD85CWEIs"},"42":{"__uuid__":"afou0ntelBJIY3jZfvMpC7"},"43":{"__uuid__":"d4/CWeMfFNeome58bXDWaA"},"44":{"__uuid__":"b9n4QHa7VED5vcS7lGpdo1"},"45":{"__uuid__":"0bwCBpeQxJCqkI9dVRO2f0"},"46":{"__uuid__":"a84/BX921JSoW4VnOVMspV"},"47":{"__uuid__":"cb7xN48oxCmImYk8c9mEU2"},"48":{"__uuid__":"d49qPsYqtDLqXr69svzhlT"},"49":{"__uuid__":"b3hxvW4j5CbIjMH1wzKXdL"},"50":{"__uuid__":"danoTMPsNHF4Ir0kGWKiBk"},"51":{"__uuid__":"475yCCpupDfLVh9FtzM1GN"},"52":{"__uuid__":"b2sDj/OKpFYrmGhKtdW+uj"},"53":{"__uuid__":"e38qYjgLJNJo47sTA/UgpQ"},"54":{"__uuid__":"040gHmWxBLmreI4pXC8Viu"},"55":{"__uuid__":"86y93Z7BJDpq7St4fqg5j6"}}},{"__type__":"cc.SpriteFrame","content":{"name":"13","texture":"c9wXFeIiRHNKR3phxYNxL1","rect":[0,744,138,186],"offset":[0,0],"originalSize":[138,186],"capInsets":[0,0,0,0]}},{"__type__":"cc.SpriteFrame","content":{"name":"32","texture":"c9wXFeIiRHNKR3phxYNxL1","rect":[690,0,138,186],"offset":[0,0],"originalSize":[138,186],"capInsets":[0,0,0,0]}},{"__type__":"cc.SpriteFrame","content":{"name":"26","texture":"c9wXFeIiRHNKR3phxYNxL1","rect":[414,558,138,186],"offset":[0,0],"originalSize":[138,186],"capInsets":[0,0,0,0]}},{"__type__":"cc.SpriteFrame","content":{"name":"37","texture":"c9wXFeIiRHNKR3phxYNxL1","rect":[828,0,138,186],"offset":[0,0],"originalSize":[138,186],"capInsets":[0,0,0,0]}},{"__type__":"cc.SpriteFrame","content":{"name":"19","texture":"c9wXFeIiRHNKR3phxYNxL1","rect":[276,0,138,186],"offset":[0,0],"originalSize":[138,186],"capInsets":[0,0,0,0]}}]