[{"__type__":"cc.SpriteFrame","content":{"name":"blackBg","texture":"f2Hj/65LdPe6kfXTJ+KmJr","rect":[672,2,88,88],"offset":[0,0],"originalSize":[88,88],"capInsets":[0,0,0,0]}},{"__type__":"cc.SpriteFrame","content":{"name":"sitdownbg","texture":"f2Hj/65LdPe6kfXTJ+KmJr","rect":[709,172,75,75],"offset":[0,0],"originalSize":[75,75],"capInsets":[0,0,0,0]}},{"__type__":"cc.SpriteFrame","content":{"name":"ic_newsbg","texture":"f2Hj/65LdPe6kfXTJ+KmJr","rect":[132,190,185,54],"offset":[0,0],"originalSize":[185,54],"capInsets":[0,0,0,0]}},{"__type__":"cc.SpriteFrame","content":{"name":"eventInformation","texture":"f2Hj/65LdPe6kfXTJ+KmJr","rect":[675,92,78,78],"offset":[-1,1],"originalSize":[92,92],"capInsets":[0,0,0,0]}},{"__type__":"cc.SpriteFrame","content":{"name":"victory","texture":"f2Hj/65LdPe6kfXTJ+KmJr","rect":[270,126,60,30],"offset":[0,0],"originalSize":[60,30],"rotated":1,"capInsets":[0,0,0,0]}},{"__type__":"cc.SpriteFrame","content":{"name":"progress_head","texture":"f2Hj/65LdPe6kfXTJ+KmJr","rect":[582,2,88,88],"offset":[0,0],"originalSize":[88,88],"capInsets":[0,0,0,0]}},{"__type__":"cc.SpriteFrame","content":{"name":"ic_allin_btn","texture":"f2Hj/65LdPe6kfXTJ+KmJr","rect":[84,2,184,186],"offset":[0,7],"originalSize":[200,200],"capInsets":[0,0,0,0]}},{"__type__":"cc.SpriteFrame","content":{"name":"brandSpectrum","texture":"f2Hj/65LdPe6kfXTJ+KmJr","rect":[498,2,82,92],"offset":[0,0],"originalSize":[92,92],"capInsets":[0,0,0,0]}},{"__type__":"cc.SpriteFrame","content":{"name":"desk_logo","texture":"f2Hj/65LdPe6kfXTJ+KmJr","rect":[2,2,243,80],"offset":[0,0],"originalSize":[243,80],"rotated":1,"capInsets":[0,0,0,0]}},{"__type__":"cc.SpriteFrame","content":{"name":"moneyIcon","texture":"f2Hj/65LdPe6kfXTJ+KmJr","rect":[657,180,50,50],"offset":[0,0],"originalSize":[50,50],"capInsets":[0,0,0,0]}},{"__type__":"cc.SpriteFrame","content":{"name":"process_icon","texture":"f2Hj/65LdPe6kfXTJ+KmJr","rect":[302,126,111,52],"offset":[0,0],"originalSize":[111,52],"capInsets":[0,0,0,0]}},{"__type__":"cc.SpriteFrame","content":{"name":"money_bg","texture":"f2Hj/65LdPe6kfXTJ+KmJr","rect":[386,2,108,33],"offset":[0,0],"originalSize":[108,33],"rotated":1,"capInsets":[0,0,0,0]}},{"__type__":"cc.SpriteFrame","content":{"name":"banker","texture":"f2Hj/65LdPe6kfXTJ+KmJr","rect":[755,92,50,50],"offset":[0,0],"originalSize":[52,52],"capInsets":[0,0,0,0]}},{"__type__":"cc.SpriteFrame","content":{"name":"ic_sure","texture":"f2Hj/65LdPe6kfXTJ+KmJr","rect":[319,180,67,67],"offset":[0,0],"originalSize":[67,67],"capInsets":[0,0,0,0]}},{"__type__":"cc.SpriteFrame","content":{"name":"log","texture":"f2Hj/65LdPe6kfXTJ+KmJr","rect":[493,108,70,92],"offset":[-1,0],"originalSize":[92,92],"rotated":1,"capInsets":[0,0,0,0]}},{"__type__":"cc.SpriteFrame","content":{"name":"ic_joinGame","texture":"f2Hj/65LdPe6kfXTJ+KmJr","rect":[388,180,267,65],"offset":[0,0],"originalSize":[267,65],"capInsets":[0,0,0,0]}},{"__type__":"cc.SpriteFrame","content":{"name":"call_btn","texture":"f2Hj/65LdPe6kfXTJ+KmJr","rect":[270,2,114,122],"offset":[0,0],"originalSize":[114,122],"capInsets":[0,0,0,0]}},{"__type__":"cc.SpriteFrame","content":{"name":"chat","texture":"f2Hj/65LdPe6kfXTJ+KmJr","rect":[587,92,86,86],"offset":[0,-1],"originalSize":[92,92],"capInsets":[0,0,0,0]}},{"__type__":"cc.SpriteFrame","content":{"name":"delay_time","texture":"f2Hj/65LdPe6kfXTJ+KmJr","rect":[84,190,46,55],"offset":[0,0],"originalSize":[46,55],"capInsets":[0,0,0,0]}},{"__type__":"cc.SpriteAtlas","_name":"gameTable.plist","_spriteFrames":{"banker":{"__uuid__":"cc13tm/R1KPaCAUmavuRfd"},"blackBg":{"__uuid__":"0fXE602+5HbJlR2AnM/14/"},"brandSpectrum":{"__uuid__":"84hbK7wnlDupRLw+f2FbfT"},"call_btn":{"__uuid__":"deLpZnO+dH9512zXcnEcx9"},"chat":{"__uuid__":"deNZs62cVDnIP46vaQo5Bh"},"delay_time":{"__uuid__":"e9gQlSxedMLpXz98+YFX3G"},"desk_logo":{"__uuid__":"92CqtYU+pPjrRSikuksSTH"},"easeln":{"__uuid__":"eegsf7NElFe4WJgTnwjTSo"},"eventInformation":{"__uuid__":"34LHN0EQ5MV6/J3zxlCE91"},"fuction":{"__uuid__":"f3Uglgni1FC6+u6t+lHOo0"},"ic_allin_btn":{"__uuid__":"5dXbGuRrJPOpb8YhgD9O+5"},"ic_joinGame":{"__uuid__":"d9J8cbkSRNlJSoL43YC33C"},"ic_newsbg":{"__uuid__":"22A+rHTJlFmoVpKPFyz1+G"},"ic_sure":{"__uuid__":"d4F4Whh6hHa6UoLhoRCm7u"},"log":{"__uuid__":"d6NjnlmhVKU4ojAW9cVW1b"},"moneyIcon":{"__uuid__":"94mV2zV6dPbo7vlTSaN5BC"},"money_bg":{"__uuid__":"b92spuUjlEnLyfKOmnm8ax"},"process_icon":{"__uuid__":"acDvuRpzdKwqo3nXYF1Cow"},"progress_head":{"__uuid__":"42L1E07VND4rw03DVFJSw1"},"sitdownbg":{"__uuid__":"13wkoqn+1Gb6196GqR8Qh1"},"victory":{"__uuid__":"39HJu83TxAW764VtU9X4fk"}}},{"__type__":"cc.SpriteFrame","content":{"name":"easeln","texture":"f2Hj/65LdPe6kfXTJ+KmJr","rect":[421,2,75,104],"offset":[0,0],"originalSize":[75,104],"capInsets":[0,0,0,0]}},{"__type__":"cc.SpriteFrame","content":{"name":"fuction","texture":"f2Hj/65LdPe6kfXTJ+KmJr","rect":[415,112,76,64],"offset":[0,0],"originalSize":[92,92],"capInsets":[0,0,0,0]}}]