[{"__type__":"cc.SpriteFrame","content":{"name":"ic_button1@2x","texture":"18Glu0PnNFFYKp9lVE2Sd2","rect":[1424,862,111,52],"offset":[0,0],"originalSize":[111,52],"rotated":1,"capInsets":[0,0,0,0]}},{"__type__":"cc.SpriteFrame","content":{"name":"ic_blueagree@2x","texture":"18Glu0PnNFFYKp9lVE2Sd2","rect":[353,2000,88,38],"offset":[0,0],"originalSize":[88,38],"capInsets":[0,0,0,0]}},{"__type__":"cc.SpriteFrame","content":{"name":"game_join_btn_pressed-i6p","texture":"18Glu0PnNFFYKp9lVE2Sd2","rect":[1878,1212,478,112],"offset":[0,0],"originalSize":[478,112],"rotated":1,"capInsets":[0,0,0,0]}},{"__type__":"cc.SpriteFrame","content":{"name":"ic_qipai@2x","texture":"18Glu0PnNFFYKp9lVE2Sd2","rect":[1249,1259,126,135],"offset":[0,0],"originalSize":[126,135],"rotated":1,"capInsets":[0,0,0,0]}},{"__type__":"cc.SpriteFrame","content":{"name":"ic_OurCards_Fieldgreen@2x","texture":"18Glu0PnNFFYKp9lVE2Sd2","rect":[1990,1332,110,56],"offset":[0,0],"originalSize":[110,56],"rotated":1,"capInsets":[0,0,0,0]}},{"__type__":"cc.SpriteFrame","content":{"name":"loading_4","texture":"18Glu0PnNFFYKp9lVE2Sd2","rect":[1490,1013,200,114],"offset":[0,0],"originalSize":[200,114],"rotated":1,"capInsets":[0,0,0,0]}},{"__type__":"cc.SpriteFrame","content":{"name":"ic_cardspectrum_page1@2x","texture":"18Glu0PnNFFYKp9lVE2Sd2","rect":[1679,2032,16,25],"offset":[0,0],"originalSize":[16,25],"rotated":1,"capInsets":[0,0,0,0]}},{"__type__":"cc.SpriteFrame","content":{"name":"ready_btn_pressed-i6p","texture":"18Glu0PnNFFYKp9lVE2Sd2","rect":[1878,808,404,163],"offset":[0,0],"originalSize":[404,163],"rotated":1,"capInsets":[0,0,0,0]}},{"__type__":"cc.SpriteFrame","content":{"name":"ic_star@2x","texture":"18Glu0PnNFFYKp9lVE2Sd2","rect":[1938,1903,34,32],"offset":[0,0],"originalSize":[34,32],"rotated":1,"capInsets":[0,0,0,0]}},{"__type__":"cc.SpriteFrame","content":{"name":"anim_youwin2-i6p","texture":"18Glu0PnNFFYKp9lVE2Sd2","rect":[0,1682,646,199],"offset":[0,0],"originalSize":[646,199],"capInsets":[0,0,0,0]}},{"__type__":"cc.SpriteFrame","content":{"name":"ready_btn_disable-i6p","texture":"18Glu0PnNFFYKp9lVE2Sd2","rect":[1878,404,404,163],"offset":[0,0],"originalSize":[404,163],"rotated":1,"capInsets":[0,0,0,0]}},{"__type__":"cc.SpriteFrame","content":{"name":"PersonalSettings_black@2x","texture":"18Glu0PnNFFYKp9lVE2Sd2","rect":[1515,600,146,213],"offset":[0,0],"originalSize":[146,213],"capInsets":[0,0,0,0]}},{"__type__":"cc.SpriteFrame","content":{"name":"loading_2","texture":"18Glu0PnNFFYKp9lVE2Sd2","rect":[1550,400,200,114],"offset":[0,0],"originalSize":[200,114],"rotated":1,"capInsets":[0,0,0,0]}},{"__type__":"cc.SpriteFrame","content":{"name":"ic_but_close@2x","texture":"18Glu0PnNFFYKp9lVE2Sd2","rect":[1985,1903,101,62],"offset":[0,0],"originalSize":[101,62],"rotated":1,"capInsets":[0,0,0,0]}},{"__type__":"cc.SpriteFrame","content":{"name":"ready_btn-i6p","texture":"18Glu0PnNFFYKp9lVE2Sd2","rect":[1878,0,404,163],"offset":[0,0],"originalSize":[404,163],"rotated":1,"capInsets":[0,0,0,0]}},{"__type__":"cc.SpriteFrame","content":{"name":"ic_rng-i6p","texture":"18Glu0PnNFFYKp9lVE2Sd2","rect":[1427,722,140,65],"offset":[0,0],"originalSize":[140,65],"rotated":1,"capInsets":[0,0,0,0]}},{"__type__":"cc.SpriteFrame","content":{"name":"liuzuo","texture":"18Glu0PnNFFYKp9lVE2Sd2","rect":[1990,1212,60,30],"offset":[0,0],"originalSize":[60,30],"rotated":1,"capInsets":[0,0,0,0]}},{"__type__":"cc.SpriteFrame","content":{"name":"ic_viewicon-i6p","texture":"18Glu0PnNFFYKp9lVE2Sd2","rect":[1249,646,178,178],"offset":[0,0],"originalSize":[178,178],"capInsets":[0,0,0,0]}},{"__type__":"cc.SpriteFrame","content":{"name":"ic_game_personalsettings_1x@2x","texture":"18Glu0PnNFFYKp9lVE2Sd2","rect":[1557,1343,77,77],"offset":[0,0],"originalSize":[77,77],"capInsets":[0,0,0,0]}},{"__type__":"cc.SpriteFrame","content":{"name":"loading_0","texture":"18Glu0PnNFFYKp9lVE2Sd2","rect":[1550,0,200,114],"offset":[0,0],"originalSize":[200,114],"rotated":1,"capInsets":[0,0,0,0]}},{"__type__":"cc.SpriteFrame","content":{"name":"ic_graytrack@2x","texture":"18Glu0PnNFFYKp9lVE2Sd2","rect":[487,2038,762,5],"offset":[0,0],"originalSize":[762,5],"capInsets":[0,0,0,0]}},{"__type__":"cc.SpriteFrame","content":{"name":"ic_sitdown@2x","texture":"18Glu0PnNFFYKp9lVE2Sd2","rect":[1384,1341,92,92],"offset":[0,0],"originalSize":[92,92],"capInsets":[0,0,0,0]}},{"__type__":"cc.SpriteFrame","content":{"name":"ic_game_poker@2x","texture":"18Glu0PnNFFYKp9lVE2Sd2","rect":[1424,973,66,66],"offset":[0,0],"originalSize":[66,66],"capInsets":[0,0,0,0]}},{"__type__":"cc.SpriteFrame","content":{"name":"ic_newbg@2x","texture":"18Glu0PnNFFYKp9lVE2Sd2","rect":[0,0,524,538],"offset":[0,0],"originalSize":[524,538],"capInsets":[0,0,0,0]}},{"__type__":"cc.SpriteFrame","content":{"name":"ic_dichi@2x","texture":"18Glu0PnNFFYKp9lVE2Sd2","rect":[1386,1039,91,107],"offset":[0,0],"originalSize":[91,107],"capInsets":[0,0,0,0]}},{"__type__":"cc.SpriteFrame","content":{"name":"allinodds2","texture":"18Glu0PnNFFYKp9lVE2Sd2","rect":[1448,420,151,67],"offset":[0,0],"originalSize":[151,67],"rotated":1,"capInsets":[0,0,0,0]}},{"__type__":"cc.SpriteFrame","content":{"name":"allin","texture":"18Glu0PnNFFYKp9lVE2Sd2","rect":[1878,1903,60,30],"offset":[0,0],"originalSize":[60,30],"capInsets":[0,0,0,0]}},{"__type__":"cc.SpriteFrame","content":{"name":"2btn_pressed@3x","texture":"18Glu0PnNFFYKp9lVE2Sd2","rect":[1448,0,420,102],"offset":[0,0],"originalSize":[420,102],"rotated":1,"capInsets":[0,0,0,0]}},{"__type__":"cc.SpriteFrame","content":{"name":"ic_PersonalSettings_blue@2x","texture":"18Glu0PnNFFYKp9lVE2Sd2","rect":[1878,1690,146,213],"offset":[0,0],"originalSize":[146,213],"capInsets":[0,0,0,0]}},{"__type__":"cc.SpriteFrame","content":{"name":"ic_0003@2x","texture":"18Glu0PnNFFYKp9lVE2Sd2","rect":[1604,1061,75,104],"offset":[0,0],"originalSize":[75,104],"capInsets":[0,0,0,0]}},{"__type__":"cc.SpriteFrame","content":{"name":"straddle","texture":"18Glu0PnNFFYKp9lVE2Sd2","rect":[861,2000,60,30],"offset":[0,0],"originalSize":[60,30],"capInsets":[0,0,0,0]}},{"__type__":"cc.SpriteFrame","content":{"name":"disable_jiazhu","texture":"18Glu0PnNFFYKp9lVE2Sd2","rect":[1249,1129,130,137],"offset":[0,0],"originalSize":[130,137],"rotated":1,"capInsets":[0,0,0,0]}},{"__type__":"cc.SpriteFrame","content":{"name":"ic_game_chip@2x","texture":"18Glu0PnNFFYKp9lVE2Sd2","rect":[1823,2000,38,38],"offset":[0,0],"originalSize":[38,38],"capInsets":[0,0,0,0]}},{"__type__":"cc.SpriteFrame","content":{"name":"ic_ziyoujiazhu@2x","texture":"18Glu0PnNFFYKp9lVE2Sd2","rect":[1249,999,130,137],"offset":[0,0],"originalSize":[130,137],"rotated":1,"capInsets":[0,0,0,0]}},{"__type__":"cc.SpriteFrame","content":{"name":"ic_newclub_circular@2x","texture":"18Glu0PnNFFYKp9lVE2Sd2","rect":[1386,1253,88,88],"offset":[0,0],"originalSize":[88,88],"capInsets":[0,0,0,0]}},{"__type__":"cc.SpriteFrame","content":{"name":"ic_0002@2x","texture":"18Glu0PnNFFYKp9lVE2Sd2","rect":[0,538,498,387],"offset":[0,0],"originalSize":[498,387],"rotated":1,"capInsets":[0,0,0,0]}},{"__type__":"cc.SpriteFrame","content":{"name":"anim_youwin5-i6p","texture":"18Glu0PnNFFYKp9lVE2Sd2","rect":[1679,1292,646,199],"offset":[0,0],"originalSize":[646,199],"rotated":1,"capInsets":[0,0,0,0]}},{"__type__":"cc.SpriteFrame","content":{"name":"ic_baoxian_xianzaikaiju@2x","texture":"18Glu0PnNFFYKp9lVE2Sd2","rect":[0,2000,140,46],"offset":[0,0],"originalSize":[140,46],"capInsets":[0,0,0,0]}},{"__type__":"cc.SpriteFrame","content":{"name":"ic_yellowline@2x","texture":"18Glu0PnNFFYKp9lVE2Sd2","rect":[487,2043,1,740],"offset":[0,0],"originalSize":[1,740],"rotated":1,"capInsets":[0,0,0,0]}},{"__type__":"cc.SpriteFrame","content":{"name":"ic_knob@2x","texture":"18Glu0PnNFFYKp9lVE2Sd2","rect":[1476,1343,78,81],"offset":[0,0],"originalSize":[78,81],"rotated":1,"capInsets":[0,0,0,0]}},{"__type__":"cc.SpriteFrame","content":{"name":"ic_share@2x","texture":"18Glu0PnNFFYKp9lVE2Sd2","rect":[984,2000,30,32],"offset":[0,0],"originalSize":[30,32],"capInsets":[0,0,0,0]}},{"__type__":"cc.SpriteFrame","content":{"name":"ic_game_jia","texture":"18Glu0PnNFFYKp9lVE2Sd2","rect":[1384,1433,77,77],"offset":[0,0],"originalSize":[77,77],"capInsets":[0,0,0,0]}},{"__type__":"cc.SpriteFrame","content":{"name":"ic_cardspectrum_page2@2x","texture":"18Glu0PnNFFYKp9lVE2Sd2","rect":[1704,2032,16,25],"offset":[0,0],"originalSize":[16,25],"rotated":1,"capInsets":[0,0,0,0]}},{"__type__":"cc.SpriteFrame","content":{"name":"ic_redrefuse@2x","texture":"18Glu0PnNFFYKp9lVE2Sd2","rect":[653,2000,88,38],"offset":[0,0],"originalSize":[88,38],"capInsets":[0,0,0,0]}},{"__type__":"cc.SpriteFrame","content":{"name":"kanpai","texture":"18Glu0PnNFFYKp9lVE2Sd2","rect":[801,2000,60,30],"offset":[0,0],"originalSize":[60,30],"capInsets":[0,0,0,0]}},{"__type__":"cc.SpriteFrame","content":{"name":"ic_game_personalsettings_23@2x","texture":"18Glu0PnNFFYKp9lVE2Sd2","rect":[1476,1421,77,77],"offset":[0,0],"originalSize":[77,77],"capInsets":[0,0,0,0]}},{"__type__":"cc.SpriteFrame","content":{"name":"ic_OurCards_Fieldred@2x","texture":"18Glu0PnNFFYKp9lVE2Sd2","rect":[1990,1442,110,56],"offset":[0,0],"originalSize":[110,56],"rotated":1,"capInsets":[0,0,0,0]}},{"__type__":"cc.SpriteFrame","content":{"name":"ic_close@2x","texture":"18Glu0PnNFFYKp9lVE2Sd2","rect":[921,2000,32,32],"offset":[0,0],"originalSize":[32,32],"capInsets":[0,0,0,0]}},{"__type__":"cc.SpriteFrame","content":{"name":"ic_game_microphone@2x","texture":"18Glu0PnNFFYKp9lVE2Sd2","rect":[1606,882,69,69],"offset":[0,0],"originalSize":[69,69],"capInsets":[0,0,0,0]}},{"__type__":"cc.SpriteFrame","content":{"name":"ic_menu-i6p@2x","texture":"18Glu0PnNFFYKp9lVE2Sd2","rect":[1606,1008,53,53],"offset":[0,0],"originalSize":[53,53],"capInsets":[0,0,0,0]}},{"__type__":"cc.SpriteFrame","content":{"name":"ic_game_Pair@2x","texture":"18Glu0PnNFFYKp9lVE2Sd2","rect":[1606,813,69,69],"offset":[0,0],"originalSize":[69,69],"capInsets":[0,0,0,0]}},{"__type__":"cc.SpriteFrame","content":{"name":"ic_game_cell_lightgray@2x","texture":"18Glu0PnNFFYKp9lVE2Sd2","rect":[0,2046,491,2],"offset":[0,0],"originalSize":[491,2],"capInsets":[0,0,0,0]}},{"__type__":"cc.SpriteFrame","content":{"name":"ic_game_new@2x","texture":"18Glu0PnNFFYKp9lVE2Sd2","rect":[1729,2000,48,48],"offset":[0,0],"originalSize":[48,48],"capInsets":[0,0,0,0]}},{"__type__":"cc.SpriteFrame","content":{"name":"ic_game_personalsettings_12@2x","texture":"18Glu0PnNFFYKp9lVE2Sd2","rect":[1557,1420,77,77],"offset":[0,0],"originalSize":[77,77],"capInsets":[0,0,0,0]}},{"__type__":"cc.SpriteFrame","content":{"name":"ic_green@2x","texture":"18Glu0PnNFFYKp9lVE2Sd2","rect":[1777,2000,46,46],"offset":[0,0],"originalSize":[46,46],"capInsets":[0,0,0,0]}},{"__type__":"cc.SpriteFrame","content":{"name":"ic_insurance_close@2x","texture":"18Glu0PnNFFYKp9lVE2Sd2","rect":[953,2000,31,31],"offset":[0,0],"originalSize":[31,31],"capInsets":[0,0,0,0]}},{"__type__":"cc.SpriteFrame","content":{"name":"loading_1","texture":"18Glu0PnNFFYKp9lVE2Sd2","rect":[1550,200,200,114],"offset":[0,0],"originalSize":[200,114],"rotated":1,"capInsets":[0,0,0,0]}},{"__type__":"cc.SpriteFrame","content":{"name":"SwitchOnLight@2x","texture":"18Glu0PnNFFYKp9lVE2Sd2","rect":[1869,1938,116,94],"offset":[0,0],"originalSize":[116,94],"capInsets":[0,0,0,0]}},{"__type__":"cc.SpriteFrame","content":{"name":"ic_purchase@2x","texture":"18Glu0PnNFFYKp9lVE2Sd2","rect":[1477,1213,130,137],"offset":[0,0],"originalSize":[130,137],"rotated":1,"capInsets":[0,0,0,0]}},{"__type__":"cc.SpriteFrame","content":{"name":"ic_blue@2x","texture":"18Glu0PnNFFYKp9lVE2Sd2","rect":[265,2000,88,46],"offset":[0,0],"originalSize":[88,46],"capInsets":[0,0,0,0]}},{"__type__":"cc.SpriteFrame","content":{"name":"ic_Cardspectrum_people@2x","texture":"18Glu0PnNFFYKp9lVE2Sd2","rect":[2020,1277,19,19],"offset":[0,0],"originalSize":[19,19],"capInsets":[0,0,0,0]}},{"__type__":"cc.SpriteFrame","content":{"name":"ic_kanpai@2x","texture":"18Glu0PnNFFYKp9lVE2Sd2","rect":[1249,1385,126,135],"offset":[0,0],"originalSize":[126,135],"rotated":1,"capInsets":[0,0,0,0]}},{"__type__":"cc.SpriteFrame","content":{"name":"ic_gamebasic_speaking@2x","texture":"18Glu0PnNFFYKp9lVE2Sd2","rect":[2024,1212,65,18],"offset":[0,0],"originalSize":[65,18],"rotated":1,"capInsets":[0,0,0,0]}},{"__type__":"cc.SpriteFrame","content":{"name":"ic_paixing-i6p","texture":"18Glu0PnNFFYKp9lVE2Sd2","rect":[1679,1938,190,62],"offset":[0,0],"originalSize":[190,62],"capInsets":[0,0,0,0]}},{"__type__":"cc.SpriteFrame","content":{"name":"disable_dichi","texture":"18Glu0PnNFFYKp9lVE2Sd2","rect":[1386,1146,91,107],"offset":[0,0],"originalSize":[91,107],"capInsets":[0,0,0,0]}},{"__type__":"cc.SpriteFrame","content":{"name":"allinodds1","texture":"18Glu0PnNFFYKp9lVE2Sd2","rect":[1448,571,151,67],"offset":[0,0],"originalSize":[151,67],"rotated":1,"capInsets":[0,0,0,0]}},{"__type__":"cc.SpriteFrame","content":{"name":"ic_Cardspectrum_chip@2x","texture":"18Glu0PnNFFYKp9lVE2Sd2","rect":[2020,1296,19,19],"offset":[0,0],"originalSize":[19,19],"capInsets":[0,0,0,0]}},{"__type__":"cc.SpriteFrame","content":{"name":"anim_youwin3-i6p","texture":"18Glu0PnNFFYKp9lVE2Sd2","rect":[1679,0,646,199],"offset":[0,0],"originalSize":[646,199],"rotated":1,"capInsets":[0,0,0,0]}},{"__type__":"cc.SpriteFrame","content":{"name":"ic_sliderbg-i6p","texture":"18Glu0PnNFFYKp9lVE2Sd2","rect":[0,1881,815,119],"offset":[0,0],"originalSize":[815,119],"capInsets":[0,0,0,0]}},{"__type__":"cc.SpriteFrame","content":{"name":"ic_game_brand@2x","texture":"18Glu0PnNFFYKp9lVE2Sd2","rect":[1606,951,58,57],"offset":[0,0],"originalSize":[58,57],"capInsets":[0,0,0,0]}},{"__type__":"cc.SpriteFrame","content":{"name":"loading_3","texture":"18Glu0PnNFFYKp9lVE2Sd2","rect":[1492,813,200,114],"offset":[0,0],"originalSize":[200,114],"rotated":1,"capInsets":[0,0,0,0]}},{"__type__":"cc.SpriteFrame","content":{"name":"anim_youwin4-i6p","texture":"18Glu0PnNFFYKp9lVE2Sd2","rect":[1679,646,646,199],"offset":[0,0],"originalSize":[646,199],"rotated":1,"capInsets":[0,0,0,0]}},{"__type__":"cc.SpriteFrame","content":{"name":"ic_greenclose@2x","texture":"18Glu0PnNFFYKp9lVE2Sd2","rect":[491,2000,162,38],"offset":[0,0],"originalSize":[162,38],"capInsets":[0,0,0,0]}},{"__type__":"cc.SpriteFrame","content":{"name":"jiazhu","texture":"18Glu0PnNFFYKp9lVE2Sd2","rect":[741,2000,60,30],"offset":[0,0],"originalSize":[60,30],"capInsets":[0,0,0,0]}},{"__type__":"cc.SpriteFrame","content":{"name":"anim_youwin1-i6p","texture":"18Glu0PnNFFYKp9lVE2Sd2","rect":[0,1036,646,199],"offset":[0,0],"originalSize":[646,199],"rotated":1,"capInsets":[0,0,0,0]}},{"__type__":"cc.SpriteFrame","content":{"name":"anim_youwin6-i6p","texture":"18Glu0PnNFFYKp9lVE2Sd2","rect":[1249,0,646,199],"offset":[0,0],"originalSize":[646,199],"rotated":1,"capInsets":[0,0,0,0]}},{"__type__":"cc.SpriteFrame","content":{"name":"ic_button2@2x","texture":"18Glu0PnNFFYKp9lVE2Sd2","rect":[1990,1552,111,52],"offset":[0,0],"originalSize":[111,52],"rotated":1,"capInsets":[0,0,0,0]}},{"__type__":"cc.SpriteFrame","content":{"name":"ic_whitetrack@2x","texture":"18Glu0PnNFFYKp9lVE2Sd2","rect":[1227,2043,452,5],"offset":[0,0],"originalSize":[452,5],"capInsets":[0,0,0,0]}},{"__type__":"cc.SpriteFrame","content":{"name":"close_game_settings_btn-i6p","texture":"18Glu0PnNFFYKp9lVE2Sd2","rect":[1249,824,175,175],"offset":[0,0],"originalSize":[175,175],"capInsets":[0,0,0,0]}},{"__type__":"cc.SpriteFrame","content":{"name":"ic_red@2x","texture":"18Glu0PnNFFYKp9lVE2Sd2","rect":[441,2000,46,46],"offset":[0,0],"originalSize":[46,46],"capInsets":[0,0,0,0]}},{"__type__":"cc.SpriteFrame","content":{"name":"qipai","texture":"18Glu0PnNFFYKp9lVE2Sd2","rect":[1985,2004,60,30],"offset":[0,0],"originalSize":[60,30],"capInsets":[0,0,0,0]}},{"__type__":"cc.SpriteAtlas","_name":"game.plist","_spriteFrames":{"ic_cardspectrum_page1@2x":{"__uuid__":"1aWBipNdNJdbwW7tZpUAZo"},"ic_cardspectrum_page2@2x":{"__uuid__":"81qgJ6os5CkoJAUZ5Bt4d9"},"ic_game_Pair@2x":{"__uuid__":"96vGBM5kBIDI2cd9Vbx5ua"},"ic_game_poker@2x":{"__uuid__":"3eP+rdSv9K96OEMpKukS5h"},"ic_menu-i6p@2x":{"__uuid__":"92mCaj811Jyp+q8kWWYcET"},"ic_game_new@2x":{"__uuid__":"a5MKBffWBCzL+W2T1Wdeso"},"ic_game_microphone@2x":{"__uuid__":"8ePo6gOsNKR7txC+pWNfvx"},"ic_game_cell_lightgray@2x":{"__uuid__":"9dvxCedeJNJJ+T3R8qom87"},"ic_insurance_close@2x":{"__uuid__":"a9oH/lfihEEIWY/QU5jjgs"},"ic_PersonalSettings_blue@2x":{"__uuid__":"4eFd02yGZBWKlQKsisRtVM"},"PersonalSettings_black@2x":{"__uuid__":"25mf6AC6NJlKs78t2q6JuN"},"ic_game_personalsettings_1x@2x":{"__uuid__":"37PdIfx65OvL/CDLZW/XLN"},"ic_game_personalsettings_12@2x":{"__uuid__":"a5gAcaAqJCNokBMCfhMbma"},"ic_game_personalsettings_23@2x":{"__uuid__":"852Ng+TXZJwI3G1FdQAGXd"},"ic_game_jia":{"__uuid__":"7fRpN5hilJDLyPZz4COI8F"},"SwitchOnLight@2x":{"__uuid__":"acLM3JsdpJJZqF5vJ8dvNH"},"ic_close@2x":{"__uuid__":"8ccIdilV5Pnoyctr2Zi2B6"},"ic_but_close@2x":{"__uuid__":"2bLimBIXRKGLn1sCrvtcPS"},"ic_qipai@2x":{"__uuid__":"0elC8LfCZAs68LOOqow0O8"},"ic_kanpai@2x":{"__uuid__":"cbdKJZkD1GgpiphCH7JbBo"},"ic_dichi@2x":{"__uuid__":"412ISQuYJIKYw6/8QqSO3i"},"ic_ziyoujiazhu@2x":{"__uuid__":"62JPZX14xHxry3jvHse+EE"},"ic_sitdown@2x":{"__uuid__":"3cJ7f86r1G9ZPrsWrr3YhI"},"ic_game_brand@2x":{"__uuid__":"dbVIWJzg5F2qTyLuTot2mK"},"ic_game_chip@2x":{"__uuid__":"61EWIlkb9FoJUqf25smC/0"},"ic_gamebasic_speaking@2x":{"__uuid__":"cbdN4UOBtEJ5t6vBpuOGmT"},"ic_gamebasic_speakingback@2x":{"__uuid__":"fcNDva4vxMyK/Eyu/s5PFJ"},"ic_yellowline@2x":{"__uuid__":"77ZXpfVk5HZ7MoMGFiKzAg"},"ic_button2@2x":{"__uuid__":"f32ft3UN9Mg6SyjzT/5rx7"},"ic_button1@2x":{"__uuid__":"00R4E+F3lOLauiTuD+bVQN"},"anim_youwin1-i6p":{"__uuid__":"ecj+WO7ZtPI6qjJjpIuha+"},"anim_youwin2-i6p":{"__uuid__":"21ua1iiVhMSYEAXnGNgvzw"},"anim_youwin3-i6p":{"__uuid__":"dbD81cYkFLCrx3qbL/yPU/"},"anim_youwin4-i6p":{"__uuid__":"dfUh1jPr5B4qOc3IlCjb5v"},"anim_youwin5-i6p":{"__uuid__":"6cPi1YsalIv6G6DzRkkl7c"},"anim_youwin6-i6p":{"__uuid__":"eduOQUeXJKW56WQ8hczRfg"},"ic_paixing-i6p":{"__uuid__":"cfCMmpfdFBIZbKRaLhCgOU"},"ic_rng-i6p":{"__uuid__":"31vgp8jfFFSpjGmaaGGUOI"},"disable_jiazhu":{"__uuid__":"5fB4PGoS5LZJ52bT4T0BSg"},"disable_dichi":{"__uuid__":"cfTGTiG51EErnpGCeb0l3l"},"ic_Cardspectrum_people@2x":{"__uuid__":"ca+0GDgwhLNYRNsX18mz4/"},"ic_blue@2x":{"__uuid__":"c3O9XqHHJBHpVA/T+kqvqt"},"ic_Cardspectrum_chip@2x":{"__uuid__":"dahCA3FiVJz4p6JW7714VR"},"ic_red@2x":{"__uuid__":"f7TyYcTANLN4QcKbsfcbt6"},"ic_green@2x":{"__uuid__":"a8rx6V/ylBUKYagRWOFtt2"},"ic_share@2x":{"__uuid__":"7b1i27vl5H+oHwMay60J69"},"ic_star@2x":{"__uuid__":"1frGETv9RFKZYHALbulhWO"},"ic_OurCards_Fieldgreen@2x":{"__uuid__":"10rq4Vo71Pe7xmvaOZI4W0"},"ic_OurCards_Fieldred@2x":{"__uuid__":"89GvyHGL5J+4b4UT7C8uPX"},"ic_newclub_circular@2x":{"__uuid__":"652Wi4ucpLDZJTXOjbRltY"},"ic_baoxian_xianzaikaiju@2x":{"__uuid__":"75SluEmLNLppMQ99KpurnA"},"ic_blueagree@2x":{"__uuid__":"0b+45W1gxDGZPF0vl/UpDG"},"ic_newbg@2x":{"__uuid__":"40004rbgxM8KkDyGeT3OuS"},"ic_redrefuse@2x":{"__uuid__":"82L3aTDK5PaIFLmgGYIpGG"},"ic_greenclose@2x":{"__uuid__":"e9iQ80GsNORo54nkOrxnQn"},"2btn_pressed@3x":{"__uuid__":"4d8yB0fDZLDaClwImdbRcU"},"allinodds2":{"__uuid__":"49K7xFJvFHG7TSmUL0i1O/"},"allinodds1":{"__uuid__":"d0g5EVmUNC6r8UchiC6ful"},"ic_sliderbg-i6p":{"__uuid__":"dbTV6lV91EZaSYnP7n6SEv"},"close_game_settings_btn-i6p":{"__uuid__":"f6A4Jw9gFGVpyoKAxBUypS"},"ready_btn-i6p":{"__uuid__":"2dcjbD/odDqpw/4O6SeWoS"},"ready_btn_disable-i6p":{"__uuid__":"24Zbypq/5FLZ/iiYtMBDj9"},"ready_btn_pressed-i6p":{"__uuid__":"1avJkcn9hJZbdZ50hEhcI3"},"loading_0":{"__uuid__":"37p9ojSwhEnr41PEijKZZD"},"loading_1":{"__uuid__":"aa2s0M/kpIf4PeqlTa/qSG"},"loading_2":{"__uuid__":"27Ra+D2FJLzbJoLgqHPtTe"},"loading_3":{"__uuid__":"dfB3+AbCdDIqD/eQGlsTRm"},"loading_4":{"__uuid__":"19UJ4Ub1xBWrFm1K+ckWw+"},"game_join_btn_pressed-i6p":{"__uuid__":"0cY96PmJpEP4sYULDpRrn1"},"ic_viewicon-i6p":{"__uuid__":"36a3pd4t5IyqCpTGNbTTHn"},"ic_purchase@2x":{"__uuid__":"c0I1l4fZ1PabPq5rTlBwdr"},"ic_knob@2x":{"__uuid__":"79QBug+7tO8rHGnjmOdf9O"},"ic_graytrack@2x":{"__uuid__":"3bOoG3k2BD4pakelTAn413"},"ic_whitetrack@2x":{"__uuid__":"f4sm+1TcFDMJ8C+HRSyYYB"},"ic_0002@2x":{"__uuid__":"6avDr3u8BNNKmkAMnWDLZq"},"ic_0003@2x":{"__uuid__":"4esDKdh9RCQozDxKhOg6/o"},"jiazhu":{"__uuid__":"ebx8dG431KXp55cp6WTzWg"},"kanpai":{"__uuid__":"84uo8PlSZKoL1HmDZ2L/YJ"},"qipai":{"__uuid__":"f9FMYMmPNEwZnRHXXlCm0s"},"allin":{"__uuid__":"4cHXHud4hPpKRurrMkwfPz"},"liuzuo":{"__uuid__":"35qngBBwhKuLzla1KJZxRY"},"genzhu":{"__uuid__":"fchBU26zZKE6iywS1gInow"},"straddle":{"__uuid__":"5aVY7ZALBE1I9h7oDFvb3U"}}},{"__type__":"cc.SpriteFrame","content":{"name":"ic_gamebasic_speakingback@2x","texture":"18Glu0PnNFFYKp9lVE2Sd2","rect":[140,2000,125,38],"offset":[0,0],"originalSize":[125,38],"capInsets":[0,0,0,0]}},{"__type__":"cc.SpriteFrame","content":{"name":"genzhu","texture":"18Glu0PnNFFYKp9lVE2Sd2","rect":[1990,1272,60,30],"offset":[0,0],"originalSize":[60,30],"rotated":1,"capInsets":[0,0,0,0]}}]